PRAGMA foreign_keys=OFF;
BEGIN TRANSACTION;
CREATE TABLE IF NOT EXISTS "migrations" ("id" integer primary key autoincrement not null, "migration" varchar not null, "batch" integer not null);
INSERT INTO migrations VALUES(1,'0001_01_01_000000_create_users_table',1);
INSERT INTO migrations VALUES(2,'0001_01_01_000001_create_cache_table',1);
INSERT INTO migrations VALUES(3,'0001_01_01_000002_create_jobs_table',1);
INSERT INTO migrations VALUES(4,'2025_11_08_205245_create_posts_table',1);
INSERT INTO migrations VALUES(5,'2025_11_08_205301_create_tags_table',1);
INSERT INTO migrations VALUES(6,'2025_11_08_211557_create_usertypes_table',1);
INSERT INTO migrations VALUES(7,'2025_11_08_212444_create_post_tag_table',1);
INSERT INTO migrations VALUES(9,'2025_11_08_223204_add_flags_to_posts_table',2);
INSERT INTO migrations VALUES(10,'2025_11_09_112216_add_job_fields_to_posts_table',3);
CREATE TABLE IF NOT EXISTS "users" ("id" integer primary key autoincrement not null, "name" varchar not null, "email" varchar not null, "usertype_id" integer not null default '3', "email_verified_at" datetime, "password" varchar not null, "remember_token" varchar, "created_at" datetime, "updated_at" datetime, foreign key("usertype_id") references "usertypes"("id") on delete restrict);
INSERT INTO users VALUES(1,'Super Admin','superadmin@example.com',1,'2025-11-08 22:18:16','$2y$12$S2//usrKRbyB4zThaykFUOpDGB9B0gp5gSs07uLhfxOECar9F90.e',NULL,'2025-11-08 22:18:16','2025-11-08 22:18:16');
INSERT INTO users VALUES(2,'Benjamin Zboncak','customer1@example.com',3,'2025-11-08 22:18:16','$2y$12$bwk1rEriQqQiM7r5F0pHhedh1UNuD7J0/sRpCb.VM3SDyXaan7gc.',NULL,'2025-11-08 22:18:16','2025-11-08 22:18:16');
INSERT INTO users VALUES(3,'Prof. Eden Walker I','customer2@example.com',3,'2025-11-08 22:18:16','$2y$12$t18xMVt8S9D.vEYkoecg4.1GwYRxuwKTS/59KXncPMiHGUDq9j786',NULL,'2025-11-08 22:18:16','2025-11-08 22:18:16');
INSERT INTO users VALUES(4,'Vance Jones III','customer3@example.com',3,'2025-11-08 22:18:16','$2y$12$mYMnE6qQM7OUwgi5FSYFw.43xZc9X4YPoBk3ryns92pRb9rnH76nK',NULL,'2025-11-08 22:18:16','2025-11-08 22:18:16');
INSERT INTO users VALUES(5,'Mr. Wilhelm Krajcik PhD','customer4@example.com',3,'2025-11-08 22:18:16','$2y$12$RzxeKYbkbF7RvGlNlY51TeEJ.oPFw9wZU4Maq1v507p3VdriQFRcS',NULL,'2025-11-08 22:18:16','2025-11-08 22:18:16');
INSERT INTO users VALUES(6,'Gunner Kunze','customer5@example.com',3,'2025-11-08 22:18:17','$2y$12$FOHpKw1UNz2CjB6rguYvzeSGSX6tzAVMzBlMT8hfar4HDESeof9ZC',NULL,'2025-11-08 22:18:17','2025-11-08 22:18:17');
INSERT INTO users VALUES(7,'Bettye Stokes','customer6@example.com',3,'2025-11-08 22:18:17','$2y$12$Tu2gpEqvCf3BseQ7gd/H0uKhR2C/FnAkB.a9cglvH1ILhD1H.koj6',NULL,'2025-11-08 22:18:17','2025-11-08 22:18:17');
INSERT INTO users VALUES(8,'Emelia Cassin','customer7@example.com',3,'2025-11-08 22:18:17','$2y$12$fv5GA1C3SHo2EMLYKcxANeIupaMgczO33uGEXE/uZPdnbXEMQ9Tiq',NULL,'2025-11-08 22:18:17','2025-11-08 22:18:17');
INSERT INTO users VALUES(9,'Prof. Cecile Keebler DDS','customer8@example.com',3,'2025-11-08 22:18:17','$2y$12$ji9ZmwNqoQ3WEEahj632ee0s5o.BH3foNEidF3BBSlebTtBEiPgIG',NULL,'2025-11-08 22:18:17','2025-11-08 22:18:17');
INSERT INTO users VALUES(10,'Melvina Senger','customer9@example.com',3,'2025-11-08 22:18:17','$2y$12$u2I/4GvoWTZCo9xuTwuOt.zJqOPWXE8YU5Hs49wWcdO0n.EyYVDPK',NULL,'2025-11-08 22:18:17','2025-11-08 22:18:17');
INSERT INTO users VALUES(11,'Prof. Gideon Kerluke','customer10@example.com',3,'2025-11-08 22:18:18','$2y$12$GFA0IERVXNvgDHyv2FAdmuqJ2XHAWaFcv33hwST4eXYJY5jWGcW8K',NULL,'2025-11-08 22:18:18','2025-11-08 22:18:18');
INSERT INTO users VALUES(12,'Prof. Narciso McKenzie Jr.','customer11@example.com',3,'2025-11-08 22:18:18','$2y$12$dUwy3XX0XEVg0zdUuF3VjOrMrTYdEmHc/CCBSOwL02CwNSAvTSiGi',NULL,'2025-11-08 22:18:18','2025-11-08 22:18:18');
INSERT INTO users VALUES(13,'Johnson Rohan','customer12@example.com',3,'2025-11-08 22:18:18','$2y$12$uZKPwmHwK9SY.2l14rYvheNjc2Z1.xzH625eTEodlWBGC12qomgWq',NULL,'2025-11-08 22:18:18','2025-11-08 22:18:18');
INSERT INTO users VALUES(14,'Ms. Claudine Wolf DVM','customer13@example.com',3,'2025-11-08 22:18:18','$2y$12$fKzzdqqdukeUkUDbbnPh1.e5Ev0VDdtlY9v1eCPWC1PvrHL5F4VYO',NULL,'2025-11-08 22:18:18','2025-11-08 22:18:18');
INSERT INTO users VALUES(15,'Dr. Anissa Schmidt V','customer14@example.com',3,'2025-11-08 22:18:18','$2y$12$/SjL0KWjr9eapqEmyyIXCedc9wd2jPdh9DVsHRlsQqbaZw4RZ7Vhq',NULL,'2025-11-08 22:18:18','2025-11-08 22:18:18');
INSERT INTO users VALUES(16,'Gudrun Mann','customer15@example.com',3,'2025-11-08 22:18:19','$2y$12$0jYVZvmSMCBF/WPOlkk32OgajRAEkvZaFnFx1O./4rEJgpO/SmbRW',NULL,'2025-11-08 22:18:19','2025-11-08 22:18:19');
INSERT INTO users VALUES(17,'Araceli Simonis','customer16@example.com',3,'2025-11-08 22:18:19','$2y$12$Wm/IWvAXfG26m2u9CPX0k.A5zHr9CN.sg9/h3lFKehcNKJGlAxTha',NULL,'2025-11-08 22:18:19','2025-11-08 22:18:19');
INSERT INTO users VALUES(18,'Mateo Wiegand','customer17@example.com',3,'2025-11-08 22:18:19','$2y$12$3Rf9pyhxt4Snshoysjn8n.jkFc36cNVTGYHTxObFqIh3hoXAQuCZa',NULL,'2025-11-08 22:18:19','2025-11-08 22:18:19');
INSERT INTO users VALUES(19,'Queenie Bergstrom','customer18@example.com',3,'2025-11-08 22:18:19','$2y$12$8kHP4XrrDU3fqk3jKV3oIeYe2TuOA16QXS3jM03pbavP15R9ALfc.',NULL,'2025-11-08 22:18:19','2025-11-08 22:18:19');
INSERT INTO users VALUES(20,'Ms. Alessia Kerluke I','customer19@example.com',3,'2025-11-08 22:18:19','$2y$12$grXG4DREcNOGIr4NZEMCDerBsPZcgrwjARF5vPb451UG9EEkbJVHm',NULL,'2025-11-08 22:18:19','2025-11-08 22:18:19');
INSERT INTO users VALUES(21,'Dr. Ramon Wiegand DDS','customer20@example.com',3,'2025-11-08 22:18:20','$2y$12$fzlwmknHxTtkg7GQvHYwN.dolo5TUOfk57FCbxarfCQ8gfrUReDcm',NULL,'2025-11-08 22:18:20','2025-11-08 22:18:20');
INSERT INTO users VALUES(22,'Milan Wilderman','jobseeker1@example.com',4,'2025-11-08 22:18:20','$2y$12$POVVyKPtymWRvrPPqoPLruSViazWk7LdpGSVSVZdYtZrSBEQPkg6W',NULL,'2025-11-08 22:18:20','2025-11-08 22:18:20');
INSERT INTO users VALUES(23,'Ayla Schuster','jobseeker2@example.com',4,'2025-11-08 22:18:20','$2y$12$/yGsWNpWwvAVNRQao12oH.D8xjGUMQauYOoSoG25aw7nuTcTFy9/a',NULL,'2025-11-08 22:18:20','2025-11-08 22:18:20');
INSERT INTO users VALUES(24,'Eddie Champlin','jobseeker3@example.com',4,'2025-11-08 22:18:20','$2y$12$KYzupVjskiAHqr0wWsP.0.F68m3pl9.R9fy8K1mNKhCqJCazilARe',NULL,'2025-11-08 22:18:20','2025-11-08 22:18:20');
INSERT INTO users VALUES(25,'Susanna Denesik V','jobseeker4@example.com',4,'2025-11-08 22:18:20','$2y$12$y.FnnFAHXGuRCeVOKpgPj.uv.ai3L0cFffuza4fLgLLH622flI062',NULL,'2025-11-08 22:18:20','2025-11-08 22:18:20');
INSERT INTO users VALUES(26,'Mrs. Larissa Muller','jobseeker5@example.com',4,'2025-11-08 22:18:21','$2y$12$Y6EZMkIgHNCLiFVSldzIye4PiWcKOosZ8IUEoePbgJmZUfjM64EcK',NULL,'2025-11-08 22:18:21','2025-11-08 22:18:21');
INSERT INTO users VALUES(27,'Prof. Blanche Wolff','jobseeker6@example.com',4,'2025-11-08 22:18:21','$2y$12$zOCtZMKw1NuUPYyNpQD5jO/2qmgFWMyZGMiaiZBA8/HJ1I9j0Gw7G',NULL,'2025-11-08 22:18:21','2025-11-08 22:18:21');
INSERT INTO users VALUES(28,'Mrs. Margarita Von','jobseeker7@example.com',4,'2025-11-08 22:18:21','$2y$12$9CN8McxWg3UKh1L24bA2Y.BbeabBWNqroEW441v78HO0aLoKp14m6',NULL,'2025-11-08 22:18:21','2025-11-08 22:18:21');
INSERT INTO users VALUES(29,'Keaton Erdman','jobseeker8@example.com',4,'2025-11-08 22:18:21','$2y$12$XxQgdpkFZPCwB8rOnQA6SODvBZaLGGjvazoQGLIE7B.sxBqxTb1U6',NULL,'2025-11-08 22:18:21','2025-11-08 22:18:21');
INSERT INTO users VALUES(30,'Yasmeen Oberbrunner','jobseeker9@example.com',4,'2025-11-08 22:18:21','$2y$12$JLW/3FOM3ahnzYyw8E4YKO02Ni.sCu1YE25KAPNPpIW.oVfm8iQm6',NULL,'2025-11-08 22:18:21','2025-11-08 22:18:21');
INSERT INTO users VALUES(31,'Clovis Ernser','jobseeker10@example.com',4,'2025-11-08 22:18:22','$2y$12$mpxVMnxKQ5Zre/ZyMvLjXuZhqekiwlpZovHM2iBcJMwWvbsEPKRES',NULL,'2025-11-08 22:18:22','2025-11-08 22:18:22');
INSERT INTO users VALUES(32,'Jace Kling','jobseeker11@example.com',4,'2025-11-08 22:18:22','$2y$12$A7B8Klf1txoIuyI6vmSt.euOqe9u7Lg0j9aycf1XydtIQ20vnv2W2',NULL,'2025-11-08 22:18:22','2025-11-08 22:18:22');
INSERT INTO users VALUES(33,'Prof. Taya Tremblay','jobseeker12@example.com',4,'2025-11-08 22:18:22','$2y$12$bFQUd7SoaTUz6IHMgudHT.GUwNvRUDyxDtblrX8ZxsSTmf9U5tSu.',NULL,'2025-11-08 22:18:22','2025-11-08 22:18:22');
INSERT INTO users VALUES(34,'Edward Hayes','jobseeker13@example.com',4,'2025-11-08 22:18:22','$2y$12$6m.0.31UhO9Ialk8DYDfJ.P0zDCK5tzDgKS2MG0WZqB85CLfR3kIy',NULL,'2025-11-08 22:18:22','2025-11-08 22:18:22');
INSERT INTO users VALUES(35,'Angeline Rowe','jobseeker14@example.com',4,'2025-11-08 22:18:22','$2y$12$f9Te9MIQhQ58vJt6IrSk2Ot.I6MaGM.tp.uWwiz/z.Kb9XZGTasPi',NULL,'2025-11-08 22:18:22','2025-11-08 22:18:22');
INSERT INTO users VALUES(36,'Walker Heller','jobseeker15@example.com',4,'2025-11-08 22:18:23','$2y$12$UVKcXk7/BylYYclyWuLOHeB9tDQOVZh8MU5I6D/ZrZjtHwuGEka/q',NULL,'2025-11-08 22:18:23','2025-11-08 22:18:23');
INSERT INTO users VALUES(37,'Prof. Hershel Pfeffer','jobseeker16@example.com',4,'2025-11-08 22:18:23','$2y$12$43ldGZdFd9lp8T1WiwxZkuq8rUZaOJ9Msz/R3HaJWPs5FUMWQR63K',NULL,'2025-11-08 22:18:23','2025-11-08 22:18:23');
INSERT INTO users VALUES(38,'Mr. Enoch Senger IV','jobseeker17@example.com',4,'2025-11-08 22:18:23','$2y$12$Y17BFYXMbfwMV60.aTDk9emo6uJ/VRJxmWx8GNrjRKatL83521DVa',NULL,'2025-11-08 22:18:23','2025-11-08 22:18:23');
INSERT INTO users VALUES(39,'Schuyler Turner','jobseeker18@example.com',4,'2025-11-08 22:18:23','$2y$12$gEMv9m7vb4sUAQmRyh/AWuP4zrRSoOwulGzi3uNXGG4rB5LIvapwi',NULL,'2025-11-08 22:18:23','2025-11-08 22:18:23');
INSERT INTO users VALUES(40,'Prof. Shaylee Carter','jobseeker19@example.com',4,'2025-11-08 22:18:23','$2y$12$5YwQItE0p2hHjHKqbYlWh.ZXXfbdmOmMJvT6BMS0xGv4ygO5HcPf2',NULL,'2025-11-08 22:18:23','2025-11-08 22:18:23');
INSERT INTO users VALUES(41,'Drew Lemke','jobseeker20@example.com',4,'2025-11-08 22:18:24','$2y$12$eZQzNFLt3HgG2SQe5.PnFex1YmxpEbimb8Qnd7uDSFtxiV21ZPxQm',NULL,'2025-11-08 22:18:24','2025-11-08 22:18:24');
CREATE TABLE IF NOT EXISTS "password_reset_tokens" ("email" varchar not null, "token" varchar not null, "created_at" datetime, primary key ("email"));
CREATE TABLE IF NOT EXISTS "sessions" ("id" varchar not null, "user_id" integer, "ip_address" varchar, "user_agent" text, "payload" text not null, "last_activity" integer not null, primary key ("id"));
INSERT INTO sessions VALUES('6T2cgXZ0dDFAiKJgQvKPKOrR0U7xHhQisNOsNo27',NULL,'127.0.0.1','Mozilla/5.0 (X11; Linux x86_64) AppleWebKit/537.36 (KHTML, like Gecko) Chrome/142.0.0.0 Safari/537.36','YTozOntzOjY6Il90b2tlbiI7czo0MDoiWjhPNlRwOTI0dlJkQklKM2VMd05GQWJveVVSNDFNUWRlWGN1U0VVcyI7czo5OiJfcHJldmlvdXMiO2E6Mjp7czozOiJ1cmwiO3M6MjE6Imh0dHA6Ly9sb2NhbGhvc3Q6ODAwMCI7czo1OiJyb3V0ZSI7czo3OiJ3ZWxjb21lIjt9czo2OiJfZmxhc2giO2E6Mjp7czozOiJvbGQiO2E6MDp7fXM6MzoibmV3IjthOjA6e319fQ==',1762797617);
CREATE TABLE IF NOT EXISTS "cache" ("key" varchar not null, "value" text not null, "expiration" integer not null, primary key ("key"));
INSERT INTO cache VALUES('laravel-cache-boost:mcp:database-schema:sqlite:','a:3:{s:6:"engine";s:6:"sqlite";s:6:"tables";a:13:{s:5:"cache";a:5:{s:7:"columns";a:3:{s:3:"key";a:1:{s:4:"type";s:7:"varchar";}s:5:"value";a:1:{s:4:"type";s:4:"text";}s:10:"expiration";a:1:{s:4:"type";s:7:"integer";}}s:7:"indexes";a:1:{s:24:"sqlite_autoindex_cache_1";a:4:{s:7:"columns";a:1:{i:0;s:3:"key";}s:4:"type";N;s:9:"is_unique";b:1;s:10:"is_primary";b:1;}}s:12:"foreign_keys";a:0:{}s:8:"triggers";a:0:{}s:17:"check_constraints";a:0:{}}s:11:"cache_locks";a:5:{s:7:"columns";a:3:{s:3:"key";a:1:{s:4:"type";s:7:"varchar";}s:5:"owner";a:1:{s:4:"type";s:7:"varchar";}s:10:"expiration";a:1:{s:4:"type";s:7:"integer";}}s:7:"indexes";a:1:{s:30:"sqlite_autoindex_cache_locks_1";a:4:{s:7:"columns";a:1:{i:0;s:3:"key";}s:4:"type";N;s:9:"is_unique";b:1;s:10:"is_primary";b:1;}}s:12:"foreign_keys";a:0:{}s:8:"triggers";a:0:{}s:17:"check_constraints";a:0:{}}s:11:"failed_jobs";a:5:{s:7:"columns";a:7:{s:2:"id";a:1:{s:4:"type";s:7:"integer";}s:4:"uuid";a:1:{s:4:"type";s:7:"varchar";}s:10:"connection";a:1:{s:4:"type";s:4:"text";}s:5:"queue";a:1:{s:4:"type";s:4:"text";}s:7:"payload";a:1:{s:4:"type";s:4:"text";}s:9:"exception";a:1:{s:4:"type";s:4:"text";}s:9:"failed_at";a:1:{s:4:"type";s:8:"datetime";}}s:7:"indexes";a:2:{s:23:"failed_jobs_uuid_unique";a:4:{s:7:"columns";a:1:{i:0;s:4:"uuid";}s:4:"type";N;s:9:"is_unique";b:1;s:10:"is_primary";b:0;}s:7:"primary";a:4:{s:7:"columns";a:1:{i:0;s:2:"id";}s:4:"type";N;s:9:"is_unique";b:1;s:10:"is_primary";b:1;}}s:12:"foreign_keys";a:0:{}s:8:"triggers";a:0:{}s:17:"check_constraints";a:0:{}}s:11:"job_batches";a:5:{s:7:"columns";a:10:{s:2:"id";a:1:{s:4:"type";s:7:"varchar";}s:4:"name";a:1:{s:4:"type";s:7:"varchar";}s:10:"total_jobs";a:1:{s:4:"type";s:7:"integer";}s:12:"pending_jobs";a:1:{s:4:"type";s:7:"integer";}s:11:"failed_jobs";a:1:{s:4:"type";s:7:"integer";}s:14:"failed_job_ids";a:1:{s:4:"type";s:4:"text";}s:7:"options";a:1:{s:4:"type";s:4:"text";}s:12:"cancelled_at";a:1:{s:4:"type";s:7:"integer";}s:10:"created_at";a:1:{s:4:"type";s:7:"integer";}s:11:"finished_at";a:1:{s:4:"type";s:7:"integer";}}s:7:"indexes";a:1:{s:30:"sqlite_autoindex_job_batches_1";a:4:{s:7:"columns";a:1:{i:0;s:2:"id";}s:4:"type";N;s:9:"is_unique";b:1;s:10:"is_primary";b:1;}}s:12:"foreign_keys";a:0:{}s:8:"triggers";a:0:{}s:17:"check_constraints";a:0:{}}s:4:"jobs";a:5:{s:7:"columns";a:7:{s:2:"id";a:1:{s:4:"type";s:7:"integer";}s:5:"queue";a:1:{s:4:"type";s:7:"varchar";}s:7:"payload";a:1:{s:4:"type";s:4:"text";}s:8:"attempts";a:1:{s:4:"type";s:7:"integer";}s:11:"reserved_at";a:1:{s:4:"type";s:7:"integer";}s:12:"available_at";a:1:{s:4:"type";s:7:"integer";}s:10:"created_at";a:1:{s:4:"type";s:7:"integer";}}s:7:"indexes";a:2:{s:16:"jobs_queue_index";a:4:{s:7:"columns";a:1:{i:0;s:5:"queue";}s:4:"type";N;s:9:"is_unique";b:0;s:10:"is_primary";b:0;}s:7:"primary";a:4:{s:7:"columns";a:1:{i:0;s:2:"id";}s:4:"type";N;s:9:"is_unique";b:1;s:10:"is_primary";b:1;}}s:12:"foreign_keys";a:0:{}s:8:"triggers";a:0:{}s:17:"check_constraints";a:0:{}}s:10:"migrations";a:5:{s:7:"columns";a:3:{s:2:"id";a:1:{s:4:"type";s:7:"integer";}s:9:"migration";a:1:{s:4:"type";s:7:"varchar";}s:5:"batch";a:1:{s:4:"type";s:7:"integer";}}s:7:"indexes";a:1:{s:7:"primary";a:4:{s:7:"columns";a:1:{i:0;s:2:"id";}s:4:"type";N;s:9:"is_unique";b:1;s:10:"is_primary";b:1;}}s:12:"foreign_keys";a:0:{}s:8:"triggers";a:0:{}s:17:"check_constraints";a:0:{}}s:21:"password_reset_tokens";a:5:{s:7:"columns";a:3:{s:5:"email";a:1:{s:4:"type";s:7:"varchar";}s:5:"token";a:1:{s:4:"type";s:7:"varchar";}s:10:"created_at";a:1:{s:4:"type";s:8:"datetime";}}s:7:"indexes";a:1:{s:40:"sqlite_autoindex_password_reset_tokens_1";a:4:{s:7:"columns";a:1:{i:0;s:5:"email";}s:4:"type";N;s:9:"is_unique";b:1;s:10:"is_primary";b:1;}}s:12:"foreign_keys";a:0:{}s:8:"triggers";a:0:{}s:17:"check_constraints";a:0:{}}s:8:"post_tag";a:5:{s:7:"columns";a:5:{s:2:"id";a:1:{s:4:"type";s:7:"integer";}s:7:"post_id";a:1:{s:4:"type";s:7:"integer";}s:6:"tag_id";a:1:{s:4:"type";s:7:"integer";}s:10:"created_at";a:1:{s:4:"type";s:8:"datetime";}s:10:"updated_at";a:1:{s:4:"type";s:8:"datetime";}}s:7:"indexes";a:2:{s:30:"post_tag_post_id_tag_id_unique";a:4:{s:7:"columns";a:2:{i:0;s:7:"post_id";i:1;s:6:"tag_id";}s:4:"type";N;s:9:"is_unique";b:1;s:10:"is_primary";b:0;}s:7:"primary";a:4:{s:7:"columns";a:1:{i:0;s:2:"id";}s:4:"type";N;s:9:"is_unique";b:1;s:10:"is_primary";b:1;}}s:12:"foreign_keys";a:2:{i:0;a:7:{s:4:"name";N;s:7:"columns";a:1:{i:0;s:6:"tag_id";}s:14:"foreign_schema";s:4:"main";s:13:"foreign_table";s:4:"tags";s:15:"foreign_columns";a:1:{i:0;s:2:"id";}s:9:"on_update";s:9:"no action";s:9:"on_delete";s:7:"cascade";}i:1;a:7:{s:4:"name";N;s:7:"columns";a:1:{i:0;s:7:"post_id";}s:14:"foreign_schema";s:4:"main";s:13:"foreign_table";s:5:"posts";s:15:"foreign_columns";a:1:{i:0;s:2:"id";}s:9:"on_update";s:9:"no action";s:9:"on_delete";s:7:"cascade";}}s:8:"triggers";a:0:{}s:17:"check_constraints";a:0:{}}s:5:"posts";a:5:{s:7:"columns";a:7:{s:2:"id";a:1:{s:4:"type";s:7:"integer";}s:7:"user_id";a:1:{s:4:"type";s:7:"integer";}s:5:"title";a:1:{s:4:"type";s:7:"varchar";}s:7:"content";a:1:{s:4:"type";s:4:"text";}s:10:"created_at";a:1:{s:4:"type";s:8:"datetime";}s:10:"updated_at";a:1:{s:4:"type";s:8:"datetime";}s:12:"full_content";a:1:{s:4:"type";s:4:"text";}}s:7:"indexes";a:1:{s:7:"primary";a:4:{s:7:"columns";a:1:{i:0;s:2:"id";}s:4:"type";N;s:9:"is_unique";b:1;s:10:"is_primary";b:1;}}s:12:"foreign_keys";a:1:{i:0;a:7:{s:4:"name";N;s:7:"columns";a:1:{i:0;s:7:"user_id";}s:14:"foreign_schema";s:4:"main";s:13:"foreign_table";s:5:"users";s:15:"foreign_columns";a:1:{i:0;s:2:"id";}s:9:"on_update";s:9:"no action";s:9:"on_delete";s:7:"cascade";}}s:8:"triggers";a:0:{}s:17:"check_constraints";a:0:{}}s:8:"sessions";a:5:{s:7:"columns";a:6:{s:2:"id";a:1:{s:4:"type";s:7:"varchar";}s:7:"user_id";a:1:{s:4:"type";s:7:"integer";}s:10:"ip_address";a:1:{s:4:"type";s:7:"varchar";}s:10:"user_agent";a:1:{s:4:"type";s:4:"text";}s:7:"payload";a:1:{s:4:"type";s:4:"text";}s:13:"last_activity";a:1:{s:4:"type";s:7:"integer";}}s:7:"indexes";a:3:{s:28:"sessions_last_activity_index";a:4:{s:7:"columns";a:1:{i:0;s:13:"last_activity";}s:4:"type";N;s:9:"is_unique";b:0;s:10:"is_primary";b:0;}s:22:"sessions_user_id_index";a:4:{s:7:"columns";a:1:{i:0;s:7:"user_id";}s:4:"type";N;s:9:"is_unique";b:0;s:10:"is_primary";b:0;}s:27:"sqlite_autoindex_sessions_1";a:4:{s:7:"columns";a:1:{i:0;s:2:"id";}s:4:"type";N;s:9:"is_unique";b:1;s:10:"is_primary";b:1;}}s:12:"foreign_keys";a:0:{}s:8:"triggers";a:0:{}s:17:"check_constraints";a:0:{}}s:4:"tags";a:5:{s:7:"columns";a:4:{s:2:"id";a:1:{s:4:"type";s:7:"integer";}s:4:"name";a:1:{s:4:"type";s:7:"varchar";}s:10:"created_at";a:1:{s:4:"type";s:8:"datetime";}s:10:"updated_at";a:1:{s:4:"type";s:8:"datetime";}}s:7:"indexes";a:2:{s:7:"primary";a:4:{s:7:"columns";a:1:{i:0;s:2:"id";}s:4:"type";N;s:9:"is_unique";b:1;s:10:"is_primary";b:1;}s:16:"tags_name_unique";a:4:{s:7:"columns";a:1:{i:0;s:4:"name";}s:4:"type";N;s:9:"is_unique";b:1;s:10:"is_primary";b:0;}}s:12:"foreign_keys";a:0:{}s:8:"triggers";a:0:{}s:17:"check_constraints";a:0:{}}s:5:"users";a:5:{s:7:"columns";a:9:{s:2:"id";a:1:{s:4:"type";s:7:"integer";}s:4:"name";a:1:{s:4:"type";s:7:"varchar";}s:5:"email";a:1:{s:4:"type";s:7:"varchar";}s:11:"usertype_id";a:1:{s:4:"type";s:7:"integer";}s:17:"email_verified_at";a:1:{s:4:"type";s:8:"datetime";}s:8:"password";a:1:{s:4:"type";s:7:"varchar";}s:14:"remember_token";a:1:{s:4:"type";s:7:"varchar";}s:10:"created_at";a:1:{s:4:"type";s:8:"datetime";}s:10:"updated_at";a:1:{s:4:"type";s:8:"datetime";}}s:7:"indexes";a:2:{s:7:"primary";a:4:{s:7:"columns";a:1:{i:0;s:2:"id";}s:4:"type";N;s:9:"is_unique";b:1;s:10:"is_primary";b:1;}s:18:"users_email_unique";a:4:{s:7:"columns";a:1:{i:0;s:5:"email";}s:4:"type";N;s:9:"is_unique";b:1;s:10:"is_primary";b:0;}}s:12:"foreign_keys";a:1:{i:0;a:7:{s:4:"name";N;s:7:"columns";a:1:{i:0;s:11:"usertype_id";}s:14:"foreign_schema";s:4:"main";s:13:"foreign_table";s:9:"usertypes";s:15:"foreign_columns";a:1:{i:0;s:2:"id";}s:9:"on_update";s:9:"no action";s:9:"on_delete";s:8:"restrict";}}s:8:"triggers";a:0:{}s:17:"check_constraints";a:0:{}}s:9:"usertypes";a:5:{s:7:"columns";a:5:{s:2:"id";a:1:{s:4:"type";s:7:"integer";}s:4:"name";a:1:{s:4:"type";s:7:"varchar";}s:11:"description";a:1:{s:4:"type";s:7:"varchar";}s:10:"created_at";a:1:{s:4:"type";s:8:"datetime";}s:10:"updated_at";a:1:{s:4:"type";s:8:"datetime";}}s:7:"indexes";a:2:{s:7:"primary";a:4:{s:7:"columns";a:1:{i:0;s:2:"id";}s:4:"type";N;s:9:"is_unique";b:1;s:10:"is_primary";b:1;}s:21:"usertypes_name_unique";a:4:{s:7:"columns";a:1:{i:0;s:4:"name";}s:4:"type";N;s:9:"is_unique";b:1;s:10:"is_primary";b:0;}}s:12:"foreign_keys";a:0:{}s:8:"triggers";a:0:{}s:17:"check_constraints";a:0:{}}}s:6:"global";a:4:{s:5:"views";a:0:{}s:17:"stored_procedures";a:0:{}s:9:"functions";a:0:{}s:9:"sequences";a:0:{}}}',1762687606);
INSERT INTO cache VALUES('laravel-cache-boost:mcp:database-schema:sqlite:posts','a:3:{s:6:"engine";s:6:"sqlite";s:6:"tables";a:1:{s:5:"posts";a:5:{s:7:"columns";a:13:{s:2:"id";a:1:{s:4:"type";s:7:"integer";}s:7:"user_id";a:1:{s:4:"type";s:7:"integer";}s:5:"title";a:1:{s:4:"type";s:7:"varchar";}s:7:"content";a:1:{s:4:"type";s:4:"text";}s:10:"created_at";a:1:{s:4:"type";s:8:"datetime";}s:10:"updated_at";a:1:{s:4:"type";s:8:"datetime";}s:12:"full_content";a:1:{s:4:"type";s:4:"text";}s:9:"is_active";a:1:{s:4:"type";s:7:"tinyint";}s:7:"is_paid";a:1:{s:4:"type";s:7:"tinyint";}s:11:"is_featured";a:1:{s:4:"type";s:7:"tinyint";}s:12:"company_name";a:1:{s:4:"type";s:7:"varchar";}s:12:"company_logo";a:1:{s:4:"type";s:7:"varchar";}s:16:"application_link";a:1:{s:4:"type";s:7:"varchar";}}s:7:"indexes";a:1:{s:7:"primary";a:4:{s:7:"columns";a:1:{i:0;s:2:"id";}s:4:"type";N;s:9:"is_unique";b:1;s:10:"is_primary";b:1;}}s:12:"foreign_keys";a:1:{i:0;a:7:{s:4:"name";N;s:7:"columns";a:1:{i:0;s:7:"user_id";}s:14:"foreign_schema";s:4:"main";s:13:"foreign_table";s:5:"users";s:15:"foreign_columns";a:1:{i:0;s:2:"id";}s:9:"on_update";s:9:"no action";s:9:"on_delete";s:7:"cascade";}}s:8:"triggers";a:0:{}s:17:"check_constraints";a:0:{}}}s:6:"global";a:4:{s:5:"views";a:0:{}s:17:"stored_procedures";a:0:{}s:9:"functions";a:0:{}s:9:"sequences";a:0:{}}}',1762687669);
CREATE TABLE IF NOT EXISTS "cache_locks" ("key" varchar not null, "owner" varchar not null, "expiration" integer not null, primary key ("key"));
CREATE TABLE IF NOT EXISTS "jobs" ("id" integer primary key autoincrement not null, "queue" varchar not null, "payload" text not null, "attempts" integer not null, "reserved_at" integer, "available_at" integer not null, "created_at" integer not null);
CREATE TABLE IF NOT EXISTS "job_batches" ("id" varchar not null, "name" varchar not null, "total_jobs" integer not null, "pending_jobs" integer not null, "failed_jobs" integer not null, "failed_job_ids" text not null, "options" text, "cancelled_at" integer, "created_at" integer not null, "finished_at" integer, primary key ("id"));
CREATE TABLE IF NOT EXISTS "failed_jobs" ("id" integer primary key autoincrement not null, "uuid" varchar not null, "connection" text not null, "queue" text not null, "payload" text not null, "exception" text not null, "failed_at" datetime not null default CURRENT_TIMESTAMP);
CREATE TABLE IF NOT EXISTS "posts" ("id" integer primary key autoincrement not null, "user_id" integer not null, "title" varchar not null, "content" text not null, "created_at" datetime, "updated_at" datetime, "full_content" text, "is_active" tinyint(1) not null default '1', "is_paid" tinyint(1) not null default '0', "is_featured" tinyint(1) not null default '0', "company_name" varchar not null default 'Unknown Company', "company_logo" varchar, "application_link" varchar, foreign key("user_id") references "users"("id") on delete cascade);
INSERT INTO posts VALUES(1,2,'PHP/MySQL Developer - Contract Work','Join our company as a skilled developer where you will contribute to building scalable web applications. Remote work options available.','2025-11-08 22:40:11','2025-11-09 11:28:02',unistr('Join our company as a skilled developer where you will contribute to building scalable web applications. Remote work options available.\u000a\u000aThis is a great opportunity to join our team and work on exciting projects. We offer competitive salary, benefits, and a collaborative work environment.'),1,0,0,'TechCorp Solutions',NULL,'https://jobs.techcorpsolutions.com/apply/1');
INSERT INTO posts VALUES(2,2,'Frontend Developer - Modern JavaScript','Seeking an experienced developer for our innovative projects. Competitive compensation and growth opportunities.','2025-11-08 22:40:11','2025-11-09 11:28:02',unistr('Seeking an experienced developer for our innovative projects. Competitive compensation and growth opportunities.\u000a\u000aThis is a great opportunity to join our team and work on exciting projects. We offer competitive salary, benefits, and a collaborative work environment.'),1,0,0,'Digital Innovations Inc',NULL,'https://jobs.digitalinnovationsinc.com/apply/2');
INSERT INTO posts VALUES(3,2,'Web Application Developer','Looking for a dedicated developer to join our growing team. You will work on challenging projects with cutting-edge technologies.','2025-11-08 22:40:11','2025-11-09 11:28:02',unistr('Looking for a dedicated developer to join our growing team. You will work on challenging projects with cutting-edge technologies.\u000a\u000aThis is a great opportunity to join our team and work on exciting projects. We offer competitive salary, benefits, and a collaborative work environment.'),1,0,0,'StartupHub',NULL,'https://jobs.startuphub.com/apply/3');
INSERT INTO posts VALUES(4,2,'Web Developer - Full Stack Role','We are looking for an experienced developer to join our dynamic team. You will work on exciting projects using modern technologies and frameworks.','2025-11-08 22:40:11','2025-11-09 11:28:02',unistr('We are looking for an experienced developer to join our dynamic team. You will work on exciting projects using modern technologies and frameworks.\u000a\u000aThis is a great opportunity to join our team and work on exciting projects. We offer competitive salary, benefits, and a collaborative work environment.'),1,0,0,'CloudTech Ltd',NULL,'https://jobs.cloudtechltd.com/apply/4');
INSERT INTO posts VALUES(5,2,'Web Developer - Full Stack Role','Join our team as a developer and help us create amazing web applications. Opportunity to work with the latest technologies.','2025-11-08 22:40:11','2025-11-09 11:28:02',unistr('Join our team as a developer and help us create amazing web applications. Opportunity to work with the latest technologies.\u000a\u000aThis is a great opportunity to join our team and work on exciting projects. We offer competitive salary, benefits, and a collaborative work environment.'),1,0,0,'DataFlow Systems',NULL,'https://jobs.dataflowsystems.com/apply/5');
INSERT INTO posts VALUES(6,3,'Laravel Engineer - Full-time Position','Opportunity to work with a leading company on exciting development projects. Flexible work arrangements and professional development.','2025-11-08 22:40:11','2025-11-09 11:28:02',unistr('Opportunity to work with a leading company on exciting development projects. Flexible work arrangements and professional development.\u000a\u000aThis is a great opportunity to join our team and work on exciting projects. We offer competitive salary, benefits, and a collaborative work environment.'),1,0,0,'CodeCrafters',NULL,'https://jobs.codecrafters.com/apply/6');
INSERT INTO posts VALUES(7,3,'Backend PHP Developer - In Office','Seeking an experienced developer for our innovative projects. Competitive compensation and growth opportunities.','2025-11-08 22:40:11','2025-11-09 11:28:02',unistr('Seeking an experienced developer for our innovative projects. Competitive compensation and growth opportunities.\u000a\u000aThis is a great opportunity to join our team and work on exciting projects. We offer competitive salary, benefits, and a collaborative work environment.'),1,0,0,'NextGen Technologies',NULL,'https://jobs.nextgentechnologies.com/apply/7');
INSERT INTO posts VALUES(8,3,'Senior PHP Developer - Remote Opportunity','Opportunity to work with a leading company on exciting development projects. Flexible work arrangements and professional development.','2025-11-08 22:40:11','2025-11-09 11:28:02',unistr('Opportunity to work with a leading company on exciting development projects. Flexible work arrangements and professional development.\u000a\u000aThis is a great opportunity to join our team and work on exciting projects. We offer competitive salary, benefits, and a collaborative work environment.'),1,0,0,'WebForce Digital',NULL,'https://jobs.webforcedigital.com/apply/8');
INSERT INTO posts VALUES(9,3,'Software Developer - Modern Stack','Looking for a dedicated developer to join our growing team. You will work on challenging projects with cutting-edge technologies.','2025-11-08 22:40:11','2025-11-09 11:28:02',unistr('Looking for a dedicated developer to join our growing team. You will work on challenging projects with cutting-edge technologies.\u000a\u000aThis is a great opportunity to join our team and work on exciting projects. We offer competitive salary, benefits, and a collaborative work environment.'),1,0,0,'AppTech Solutions',NULL,'https://jobs.apptechsolutions.com/apply/9');
INSERT INTO posts VALUES(10,3,'Senior Web Developer - Hybrid Role','Opportunity to work with a leading company on exciting development projects. Flexible work arrangements and professional development.','2025-11-08 22:40:11','2025-11-09 11:28:02',unistr('Opportunity to work with a leading company on exciting development projects. Flexible work arrangements and professional development.\u000a\u000aThis is a great opportunity to join our team and work on exciting projects. We offer competitive salary, benefits, and a collaborative work environment.'),1,0,0,'DevStudio Pro',NULL,'https://jobs.devstudiopro.com/apply/10');
INSERT INTO posts VALUES(11,4,'JavaScript Developer - React & Vue.js','We need a talented developer to help us build innovative solutions. Competitive salary and excellent benefits package.','2025-11-08 22:40:11','2025-11-08 22:42:47',NULL,1,0,0,'Unknown Company',NULL,NULL);
INSERT INTO posts VALUES(12,4,'JavaScript Engineer - Remote Work','Join our team as a developer and help us create amazing web applications. Opportunity to work with the latest technologies.','2025-11-08 22:40:11','2025-11-08 22:42:47',NULL,1,0,0,'Unknown Company',NULL,NULL);
INSERT INTO posts VALUES(13,4,'Software Developer - Modern Stack','We need a talented developer to help us build innovative solutions. Competitive salary and excellent benefits package.','2025-11-08 22:40:11','2025-11-08 22:42:47',NULL,1,0,0,'Unknown Company',NULL,NULL);
INSERT INTO posts VALUES(14,4,'Full Stack Laravel Developer - Hybrid','Join our team as a developer and help us create amazing web applications. Opportunity to work with the latest technologies.','2025-11-08 22:40:11','2025-11-08 22:42:47',NULL,1,0,0,'Unknown Company',NULL,NULL);
INSERT INTO posts VALUES(15,4,'JavaScript Engineer - Remote Work','Seeking an experienced developer for our innovative projects. Competitive compensation and growth opportunities.','2025-11-08 22:40:11','2025-11-08 22:42:47',NULL,1,0,0,'Unknown Company',NULL,NULL);
INSERT INTO posts VALUES(16,5,'Backend Developer - PHP & MySQL','Seeking a passionate developer to work with our tech stack. Great opportunity for career growth and skill development.','2025-11-08 22:40:11','2025-11-08 22:42:47',NULL,1,0,0,'Unknown Company',NULL,NULL);
INSERT INTO posts VALUES(17,5,'Web Developer - Full Stack Role','We need a motivated developer to help build our next-generation platform. Excellent team culture and learning environment.','2025-11-08 22:40:11','2025-11-08 22:42:47',NULL,1,0,0,'Unknown Company',NULL,NULL);
INSERT INTO posts VALUES(18,5,'Software Engineer - PHP Focus','Seeking an experienced developer for our innovative projects. Competitive compensation and growth opportunities.','2025-11-08 22:40:11','2025-11-08 22:42:47',NULL,1,0,0,'Unknown Company',NULL,NULL);
INSERT INTO posts VALUES(19,5,'PHP/MySQL Developer - Contract Work','Opportunity to work with a leading company on exciting development projects. Flexible work arrangements and professional development.','2025-11-08 22:40:11','2025-11-08 22:42:47',NULL,1,0,0,'Unknown Company',NULL,NULL);
INSERT INTO posts VALUES(20,5,'Full Stack Developer - Laravel & Vue','Seeking a passionate developer to work with our tech stack. Great opportunity for career growth and skill development.','2025-11-08 22:40:11','2025-11-08 22:42:47',NULL,1,0,0,'Unknown Company',NULL,NULL);
INSERT INTO posts VALUES(21,6,'Remote PHP Developer - Senior Level','Looking for a dedicated developer to join our growing team. You will work on challenging projects with cutting-edge technologies.','2025-11-08 22:40:11','2025-11-08 22:42:47',NULL,1,0,0,'Unknown Company',NULL,NULL);
INSERT INTO posts VALUES(22,6,'Backend Developer - PHP & MySQL','Looking for a dedicated developer to join our growing team. You will work on challenging projects with cutting-edge technologies.','2025-11-08 22:40:11','2025-11-08 22:42:47',NULL,1,0,0,'Unknown Company',NULL,NULL);
INSERT INTO posts VALUES(23,6,'Full Stack Developer - Laravel & Vue','Join our company as a skilled developer where you will contribute to building scalable web applications. Remote work options available.','2025-11-08 22:40:11','2025-11-08 22:42:47',NULL,1,0,0,'Unknown Company',NULL,NULL);
INSERT INTO posts VALUES(24,6,'Backend Developer - PHP & MySQL','Looking for a dedicated developer to join our growing team. You will work on challenging projects with cutting-edge technologies.','2025-11-08 22:40:11','2025-11-08 22:42:47',NULL,1,0,0,'Unknown Company',NULL,NULL);
INSERT INTO posts VALUES(25,6,'Web Developer - Full Stack Role','Join our company as a skilled developer where you will contribute to building scalable web applications. Remote work options available.','2025-11-08 22:40:11','2025-11-08 22:42:47',NULL,1,0,0,'Unknown Company',NULL,NULL);
INSERT INTO posts VALUES(26,7,'JavaScript Developer - React & Vue.js','We need a talented developer to help us build innovative solutions. Competitive salary and excellent benefits package.','2025-11-08 22:40:11','2025-11-08 22:42:47',NULL,1,0,0,'Unknown Company',NULL,NULL);
INSERT INTO posts VALUES(27,7,'Laravel Developer - Mid Level Position','We are hiring a skilled developer to contribute to our software solutions. Great work-life balance and collaborative environment.','2025-11-08 22:40:11','2025-11-08 22:42:47',NULL,1,0,0,'Unknown Company',NULL,NULL);
INSERT INTO posts VALUES(28,7,'JavaScript Developer - React & Vue.js','We need a talented developer to help us build innovative solutions. Competitive salary and excellent benefits package.','2025-11-08 22:40:11','2025-11-08 22:42:47',NULL,1,0,0,'Unknown Company',NULL,NULL);
INSERT INTO posts VALUES(29,7,'Frontend Developer - Modern JavaScript','We need a talented developer to help us build innovative solutions. Competitive salary and excellent benefits package.','2025-11-08 22:40:11','2025-11-08 22:42:47',NULL,1,0,0,'Unknown Company',NULL,NULL);
INSERT INTO posts VALUES(30,7,'Full Stack Developer - Laravel & Vue','We need a talented developer to help us build innovative solutions. Competitive salary and excellent benefits package.','2025-11-08 22:40:11','2025-11-08 22:42:47',NULL,1,0,0,'Unknown Company',NULL,NULL);
INSERT INTO posts VALUES(31,8,'Laravel Engineer - Full-time Position','We need a talented developer to help us build innovative solutions. Competitive salary and excellent benefits package.','2025-11-08 22:40:11','2025-11-08 22:42:47',NULL,1,0,0,'Unknown Company',NULL,NULL);
INSERT INTO posts VALUES(32,8,'Backend Developer - PHP & MySQL','Opportunity to work with a leading company on exciting development projects. Flexible work arrangements and professional development.','2025-11-08 22:40:11','2025-11-08 22:42:47',NULL,1,0,0,'Unknown Company',NULL,NULL);
INSERT INTO posts VALUES(33,8,'Software Engineer - PHP Focus','Seeking an experienced developer for our innovative projects. Competitive compensation and growth opportunities.','2025-11-08 22:40:11','2025-11-08 22:42:47',NULL,1,0,0,'Unknown Company',NULL,NULL);
INSERT INTO posts VALUES(34,8,'Full-time Laravel Engineer Position','Opportunity to work with a leading company on exciting development projects. Flexible work arrangements and professional development.','2025-11-08 22:40:11','2025-11-08 22:42:47',NULL,1,0,0,'Unknown Company',NULL,NULL);
INSERT INTO posts VALUES(35,8,'Senior PHP Developer - Remote Opportunity','Join our company as a skilled developer where you will contribute to building scalable web applications. Remote work options available.','2025-11-08 22:40:11','2025-11-08 22:42:47',NULL,1,0,0,'Unknown Company',NULL,NULL);
INSERT INTO posts VALUES(36,9,'Laravel Developer - Mid Level Position','Opportunity to work with a leading company on exciting development projects. Flexible work arrangements and professional development.','2025-11-08 22:40:11','2025-11-08 22:42:47',NULL,1,0,0,'Unknown Company',NULL,NULL);
INSERT INTO posts VALUES(37,9,'Backend Developer - PHP & MySQL','We are looking for an experienced developer to join our dynamic team. You will work on exciting projects using modern technologies and frameworks.','2025-11-08 22:40:11','2025-11-08 22:42:47',NULL,1,0,0,'Unknown Company',NULL,NULL);
INSERT INTO posts VALUES(38,9,'JavaScript Engineer - Remote Work','Join our company as a skilled developer where you will contribute to building scalable web applications. Remote work options available.','2025-11-08 22:40:11','2025-11-08 22:42:47',NULL,1,0,0,'Unknown Company',NULL,NULL);
INSERT INTO posts VALUES(39,9,'Backend PHP Developer - In Office','We are hiring a skilled developer to contribute to our software solutions. Great work-life balance and collaborative environment.','2025-11-08 22:40:11','2025-11-08 22:42:47',NULL,1,0,0,'Unknown Company',NULL,NULL);
INSERT INTO posts VALUES(40,9,'Software Engineer - PHP Focus','Looking for a dedicated developer to join our growing team. You will work on challenging projects with cutting-edge technologies.','2025-11-08 22:40:11','2025-11-08 22:42:47',NULL,1,0,0,'Unknown Company',NULL,NULL);
INSERT INTO posts VALUES(41,10,'Laravel Developer - Mid Level Position','Seeking an experienced developer for our innovative projects. Competitive compensation and growth opportunities.','2025-11-08 22:40:11','2025-11-08 22:42:47',NULL,1,0,0,'Unknown Company',NULL,NULL);
INSERT INTO posts VALUES(42,10,'Node.js Developer - Contract Position','We are looking for an experienced developer to join our dynamic team. You will work on exciting projects using modern technologies and frameworks.','2025-11-08 22:40:11','2025-11-08 22:42:47',NULL,1,0,0,'Unknown Company',NULL,NULL);
INSERT INTO posts VALUES(43,10,'Web Application Developer','We are hiring a skilled developer to contribute to our software solutions. Great work-life balance and collaborative environment.','2025-11-08 22:40:11','2025-11-08 22:42:47',NULL,1,0,0,'Unknown Company',NULL,NULL);
INSERT INTO posts VALUES(44,10,'Web Application Developer','Seeking an experienced developer for our innovative projects. Competitive compensation and growth opportunities.','2025-11-08 22:40:11','2025-11-08 22:42:47',NULL,1,0,0,'Unknown Company',NULL,NULL);
INSERT INTO posts VALUES(45,10,'PHP/MySQL Developer - Contract Work','Join our team as a developer and help us create amazing web applications. Opportunity to work with the latest technologies.','2025-11-08 22:40:11','2025-11-08 22:42:47',NULL,1,0,0,'Unknown Company',NULL,NULL);
INSERT INTO posts VALUES(46,11,'Software Engineer - PHP Focus','We are hiring a skilled developer to contribute to our software solutions. Great work-life balance and collaborative environment.','2025-11-08 22:40:11','2025-11-08 22:42:47',NULL,1,0,0,'Unknown Company',NULL,NULL);
INSERT INTO posts VALUES(47,11,'Node.js Developer - Contract Position','We are hiring a skilled developer to contribute to our software solutions. Great work-life balance and collaborative environment.','2025-11-08 22:40:11','2025-11-08 22:42:47',NULL,1,0,0,'Unknown Company',NULL,NULL);
INSERT INTO posts VALUES(48,11,'Full-time Laravel Engineer Position','Join our company as a skilled developer where you will contribute to building scalable web applications. Remote work options available.','2025-11-08 22:40:11','2025-11-08 22:42:47',NULL,1,0,0,'Unknown Company',NULL,NULL);
INSERT INTO posts VALUES(49,11,'Software Developer - Modern Stack','Seeking a passionate developer to work with our tech stack. Great opportunity for career growth and skill development.','2025-11-08 22:40:11','2025-11-08 22:42:47',NULL,1,0,0,'Unknown Company',NULL,NULL);
INSERT INTO posts VALUES(50,11,'Web Application Developer','We are hiring a skilled developer to contribute to our software solutions. Great work-life balance and collaborative environment.','2025-11-08 22:40:11','2025-11-08 22:42:47',NULL,1,0,0,'Unknown Company',NULL,NULL);
INSERT INTO posts VALUES(51,12,'Backend Developer - PHP & MySQL','Join our team as a developer and help us create amazing web applications. Opportunity to work with the latest technologies.','2025-11-08 22:40:11','2025-11-08 22:42:47',NULL,1,0,0,'Unknown Company',NULL,NULL);
INSERT INTO posts VALUES(52,12,'JavaScript Developer - Part-time','We are hiring a skilled developer to contribute to our software solutions. Great work-life balance and collaborative environment.','2025-11-08 22:40:11','2025-11-08 22:42:47',NULL,1,0,0,'Unknown Company',NULL,NULL);
INSERT INTO posts VALUES(53,12,'Backend Developer - PHP & MySQL','Seeking an experienced developer for our innovative projects. Competitive compensation and growth opportunities.','2025-11-08 22:40:11','2025-11-08 22:42:47',NULL,1,0,0,'Unknown Company',NULL,NULL);
INSERT INTO posts VALUES(54,12,'PHP/MySQL Developer - Contract Work','Opportunity to work with a leading company on exciting development projects. Flexible work arrangements and professional development.','2025-11-08 22:40:11','2025-11-08 22:42:47',NULL,1,0,0,'Unknown Company',NULL,NULL);
INSERT INTO posts VALUES(55,12,'Laravel Developer - Mid Level Position','We are hiring a skilled developer to contribute to our software solutions. Great work-life balance and collaborative environment.','2025-11-08 22:40:11','2025-11-08 22:42:47',NULL,1,0,0,'Unknown Company',NULL,NULL);
INSERT INTO posts VALUES(56,13,'Backend PHP Developer - In Office','We need a talented developer to help us build innovative solutions. Competitive salary and excellent benefits package.','2025-11-08 22:40:11','2025-11-08 22:42:47',NULL,1,0,0,'Unknown Company',NULL,NULL);
INSERT INTO posts VALUES(57,13,'Backend Developer - PHP & MySQL','Seeking an experienced developer for our innovative projects. Competitive compensation and growth opportunities.','2025-11-08 22:40:11','2025-11-08 22:42:47',NULL,1,0,0,'Unknown Company',NULL,NULL);
INSERT INTO posts VALUES(58,13,'JavaScript Developer - React & Vue.js','We need a talented developer to help us build innovative solutions. Competitive salary and excellent benefits package.','2025-11-08 22:40:11','2025-11-08 22:42:47',NULL,1,0,0,'Unknown Company',NULL,NULL);
INSERT INTO posts VALUES(59,13,'Full Stack Laravel Developer - Hybrid','We are looking for an experienced developer to join our dynamic team. You will work on exciting projects using modern technologies and frameworks.','2025-11-08 22:40:11','2025-11-08 22:42:47',NULL,1,0,0,'Unknown Company',NULL,NULL);
INSERT INTO posts VALUES(60,13,'Senior Web Developer - Hybrid Role','We need a motivated developer to help build our next-generation platform. Excellent team culture and learning environment.','2025-11-08 22:40:11','2025-11-08 22:42:47',NULL,1,0,0,'Unknown Company',NULL,NULL);
INSERT INTO posts VALUES(61,14,'Software Developer - Modern Stack','Seeking a passionate developer to work with our tech stack. Great opportunity for career growth and skill development.','2025-11-08 22:40:11','2025-11-08 22:42:47',NULL,1,0,0,'Unknown Company',NULL,NULL);
INSERT INTO posts VALUES(62,14,'Senior PHP Developer - Remote Opportunity','Join our team as a developer and help us create amazing web applications. Opportunity to work with the latest technologies.','2025-11-08 22:40:11','2025-11-08 22:42:47',NULL,1,0,0,'Unknown Company',NULL,NULL);
INSERT INTO posts VALUES(63,14,'Remote PHP Developer - Senior Level','Opportunity to work with a leading company on exciting development projects. Flexible work arrangements and professional development.','2025-11-08 22:40:11','2025-11-08 22:42:47',NULL,1,0,0,'Unknown Company',NULL,NULL);
INSERT INTO posts VALUES(64,14,'Remote PHP Developer - Senior Level','Seeking a passionate developer to work with our tech stack. Great opportunity for career growth and skill development.','2025-11-08 22:40:11','2025-11-08 22:42:47',NULL,1,0,0,'Unknown Company',NULL,NULL);
INSERT INTO posts VALUES(65,14,'Remote PHP Developer - Senior Level','We need a talented developer to help us build innovative solutions. Competitive salary and excellent benefits package.','2025-11-08 22:40:11','2025-11-08 22:42:47',NULL,1,0,0,'Unknown Company',NULL,NULL);
INSERT INTO posts VALUES(66,15,'JavaScript Engineer - Remote Work','Opportunity to work with a leading company on exciting development projects. Flexible work arrangements and professional development.','2025-11-08 22:40:11','2025-11-08 22:42:47',NULL,1,0,0,'Unknown Company',NULL,NULL);
INSERT INTO posts VALUES(67,15,'Senior PHP Developer - Remote Opportunity','Looking for a dedicated developer to join our growing team. You will work on challenging projects with cutting-edge technologies.','2025-11-08 22:40:11','2025-11-08 22:42:47',NULL,1,0,0,'Unknown Company',NULL,NULL);
INSERT INTO posts VALUES(68,15,'Backend Developer - PHP & MySQL','Seeking an experienced developer for our innovative projects. Competitive compensation and growth opportunities.','2025-11-08 22:40:11','2025-11-08 22:42:47',NULL,1,0,0,'Unknown Company',NULL,NULL);
INSERT INTO posts VALUES(69,15,'Software Engineer - PHP Focus','Seeking an experienced developer for our innovative projects. Competitive compensation and growth opportunities.','2025-11-08 22:40:11','2025-11-08 22:42:47',NULL,1,0,0,'Unknown Company',NULL,NULL);
INSERT INTO posts VALUES(70,15,'Full Stack Developer - Laravel & Vue','Join our company as a skilled developer where you will contribute to building scalable web applications. Remote work options available.','2025-11-08 22:40:11','2025-11-08 22:42:47',NULL,1,0,0,'Unknown Company',NULL,NULL);
INSERT INTO posts VALUES(71,16,'JavaScript Developer - Part-time','Seeking a passionate developer to work with our tech stack. Great opportunity for career growth and skill development.','2025-11-08 22:40:11','2025-11-08 22:42:47',NULL,1,0,0,'Unknown Company',NULL,NULL);
INSERT INTO posts VALUES(72,16,'Laravel Developer - Mid Level Position','Looking for a dedicated developer to join our growing team. You will work on challenging projects with cutting-edge technologies.','2025-11-08 22:40:12','2025-11-08 22:42:47',NULL,1,0,0,'Unknown Company',NULL,NULL);
INSERT INTO posts VALUES(73,16,'Laravel Engineer - Full-time Position','Join our team as a developer and help us create amazing web applications. Opportunity to work with the latest technologies.','2025-11-08 22:40:12','2025-11-08 22:42:47',NULL,1,0,0,'Unknown Company',NULL,NULL);
INSERT INTO posts VALUES(74,16,'Full Stack Laravel Developer - Hybrid','We are hiring a skilled developer to contribute to our software solutions. Great work-life balance and collaborative environment.','2025-11-08 22:40:12','2025-11-08 22:42:47',NULL,1,0,0,'Unknown Company',NULL,NULL);
INSERT INTO posts VALUES(75,16,'Software Engineer - PHP Focus','We need a motivated developer to help build our next-generation platform. Excellent team culture and learning environment.','2025-11-08 22:40:12','2025-11-08 22:42:47',NULL,1,0,0,'Unknown Company',NULL,NULL);
INSERT INTO posts VALUES(76,17,'Frontend Developer - Modern JavaScript','We need a motivated developer to help build our next-generation platform. Excellent team culture and learning environment.','2025-11-08 22:40:12','2025-11-08 22:42:47',NULL,1,0,0,'Unknown Company',NULL,NULL);
INSERT INTO posts VALUES(77,17,'Full Stack Laravel Developer - Hybrid','Looking for a dedicated developer to join our growing team. You will work on challenging projects with cutting-edge technologies.','2025-11-08 22:40:12','2025-11-08 22:42:47',NULL,1,0,0,'Unknown Company',NULL,NULL);
INSERT INTO posts VALUES(78,17,'Web Developer - Full Stack Role','We need a motivated developer to help build our next-generation platform. Excellent team culture and learning environment.','2025-11-08 22:40:12','2025-11-08 22:42:47',NULL,1,0,0,'Unknown Company',NULL,NULL);
INSERT INTO posts VALUES(79,17,'Software Engineer - PHP Focus','We need a motivated developer to help build our next-generation platform. Excellent team culture and learning environment.','2025-11-08 22:40:12','2025-11-08 22:42:47',NULL,1,0,0,'Unknown Company',NULL,NULL);
INSERT INTO posts VALUES(80,17,'JavaScript Developer - Part-time','We need a talented developer to help us build innovative solutions. Competitive salary and excellent benefits package.','2025-11-08 22:40:12','2025-11-08 22:42:47',NULL,1,0,0,'Unknown Company',NULL,NULL);
INSERT INTO posts VALUES(81,18,'Full Stack Laravel Developer - Hybrid','Looking for a dedicated developer to join our growing team. You will work on challenging projects with cutting-edge technologies.','2025-11-08 22:40:12','2025-11-08 22:42:47',NULL,1,0,0,'Unknown Company',NULL,NULL);
INSERT INTO posts VALUES(82,18,'Senior Web Developer - Hybrid Role','Opportunity to work with a leading company on exciting development projects. Flexible work arrangements and professional development.','2025-11-08 22:40:12','2025-11-08 22:42:47',NULL,1,0,0,'Unknown Company',NULL,NULL);
INSERT INTO posts VALUES(83,18,'Full Stack Developer - Laravel & Vue','We need a talented developer to help us build innovative solutions. Competitive salary and excellent benefits package.','2025-11-08 22:40:12','2025-11-08 22:42:47',NULL,1,0,0,'Unknown Company',NULL,NULL);
INSERT INTO posts VALUES(84,18,'Web Developer - Full Stack Role','Looking for a dedicated developer to join our growing team. You will work on challenging projects with cutting-edge technologies.','2025-11-08 22:40:12','2025-11-08 22:42:47',NULL,1,0,0,'Unknown Company',NULL,NULL);
INSERT INTO posts VALUES(85,18,'Senior Web Developer - Hybrid Role','Opportunity to work with a leading company on exciting development projects. Flexible work arrangements and professional development.','2025-11-08 22:40:12','2025-11-08 22:42:47',NULL,1,0,0,'Unknown Company',NULL,NULL);
INSERT INTO posts VALUES(86,19,'Remote PHP Developer - Senior Level','We need a talented developer to help us build innovative solutions. Competitive salary and excellent benefits package.','2025-11-08 22:40:12','2025-11-08 22:42:47',NULL,1,0,0,'Unknown Company',NULL,NULL);
INSERT INTO posts VALUES(87,19,'PHP/MySQL Developer - Contract Work','Seeking an experienced developer for our innovative projects. Competitive compensation and growth opportunities.','2025-11-08 22:40:12','2025-11-08 22:42:47',NULL,1,0,0,'Unknown Company',NULL,NULL);
INSERT INTO posts VALUES(88,19,'Web Application Developer','Seeking an experienced developer for our innovative projects. Competitive compensation and growth opportunities.','2025-11-08 22:40:12','2025-11-08 22:42:47',NULL,1,0,0,'Unknown Company',NULL,NULL);
INSERT INTO posts VALUES(89,19,'Full-time Laravel Engineer Position','We are looking for an experienced developer to join our dynamic team. You will work on exciting projects using modern technologies and frameworks.','2025-11-08 22:40:12','2025-11-08 22:42:47',NULL,1,0,0,'Unknown Company',NULL,NULL);
INSERT INTO posts VALUES(90,19,'Web Application Developer','Opportunity to work with a leading company on exciting development projects. Flexible work arrangements and professional development.','2025-11-08 22:40:12','2025-11-08 22:42:47',NULL,1,0,0,'Unknown Company',NULL,NULL);
INSERT INTO posts VALUES(91,20,'Software Engineer - PHP Focus','Seeking a passionate developer to work with our tech stack. Great opportunity for career growth and skill development.','2025-11-08 22:40:12','2025-11-08 22:42:47',NULL,1,0,0,'Unknown Company',NULL,NULL);
INSERT INTO posts VALUES(92,20,'Node.js Developer - Contract Position','Join our team as a developer and help us create amazing web applications. Opportunity to work with the latest technologies.','2025-11-08 22:40:12','2025-11-08 22:42:47',NULL,1,0,0,'Unknown Company',NULL,NULL);
INSERT INTO posts VALUES(93,20,'PHP/MySQL Developer - Contract Work','We need a motivated developer to help build our next-generation platform. Excellent team culture and learning environment.','2025-11-08 22:40:12','2025-11-08 22:42:47',NULL,1,0,0,'Unknown Company',NULL,NULL);
INSERT INTO posts VALUES(94,20,'Web Application Developer','We need a talented developer to help us build innovative solutions. Competitive salary and excellent benefits package.','2025-11-08 22:40:12','2025-11-08 22:42:47',NULL,1,0,0,'Unknown Company',NULL,NULL);
INSERT INTO posts VALUES(95,20,'Backend PHP Developer - In Office','We need a motivated developer to help build our next-generation platform. Excellent team culture and learning environment.','2025-11-08 22:40:12','2025-11-08 22:42:47',NULL,1,0,0,'Unknown Company',NULL,NULL);
INSERT INTO posts VALUES(96,21,'Backend Developer - PHP & MySQL','Join our company as a skilled developer where you will contribute to building scalable web applications. Remote work options available.','2025-11-08 22:40:12','2025-11-08 22:42:47',NULL,1,0,0,'Unknown Company',NULL,NULL);
INSERT INTO posts VALUES(97,21,'JavaScript Developer - Part-time','Seeking a passionate developer to work with our tech stack. Great opportunity for career growth and skill development.','2025-11-08 22:40:12','2025-11-08 22:42:47',NULL,1,0,0,'Unknown Company',NULL,NULL);
INSERT INTO posts VALUES(98,21,'Remote PHP Developer - Senior Level','Seeking an experienced developer for our innovative projects. Competitive compensation and growth opportunities.','2025-11-08 22:40:12','2025-11-08 22:42:47',NULL,1,0,0,'Unknown Company',NULL,NULL);
INSERT INTO posts VALUES(99,21,'Full Stack Developer - Laravel & Vue','We need a motivated developer to help build our next-generation platform. Excellent team culture and learning environment.','2025-11-08 22:40:12','2025-11-08 22:42:47',NULL,1,0,0,'Unknown Company',NULL,NULL);
INSERT INTO posts VALUES(100,21,'Web Developer - Full Stack Role','Seeking a passionate developer to work with our tech stack. Great opportunity for career growth and skill development.','2025-11-08 22:40:12','2025-11-08 22:42:47',NULL,1,0,0,'Unknown Company',NULL,NULL);
CREATE TABLE IF NOT EXISTS "tags" ("id" integer primary key autoincrement not null, "name" varchar not null, "created_at" datetime, "updated_at" datetime);
INSERT INTO tags VALUES(1,'Remote','2025-11-08 22:23:46','2025-11-08 22:23:46');
INSERT INTO tags VALUES(2,'In Office','2025-11-08 22:23:46','2025-11-08 22:23:46');
INSERT INTO tags VALUES(3,'Hybrid','2025-11-08 22:23:46','2025-11-08 22:23:46');
INSERT INTO tags VALUES(4,'PHP','2025-11-08 22:23:46','2025-11-08 22:23:46');
INSERT INTO tags VALUES(5,'MySQL','2025-11-08 22:23:46','2025-11-08 22:23:46');
INSERT INTO tags VALUES(6,'Laravel','2025-11-08 22:23:46','2025-11-08 22:23:46');
INSERT INTO tags VALUES(7,'JavaScript','2025-11-08 22:23:46','2025-11-08 22:23:46');
INSERT INTO tags VALUES(8,'React','2025-11-08 22:23:46','2025-11-08 22:23:46');
INSERT INTO tags VALUES(9,'Vue.js','2025-11-08 22:23:46','2025-11-08 22:23:46');
INSERT INTO tags VALUES(10,'Node.js','2025-11-08 22:23:46','2025-11-08 22:23:46');
INSERT INTO tags VALUES(11,'Full-time','2025-11-08 22:23:46','2025-11-08 22:23:46');
INSERT INTO tags VALUES(12,'Part-time','2025-11-08 22:23:46','2025-11-08 22:23:46');
INSERT INTO tags VALUES(13,'Contract','2025-11-08 22:23:46','2025-11-08 22:23:46');
INSERT INTO tags VALUES(14,'Freelance','2025-11-08 22:23:46','2025-11-08 22:23:46');
INSERT INTO tags VALUES(15,'Senior Level','2025-11-08 22:23:46','2025-11-08 22:23:46');
INSERT INTO tags VALUES(16,'Junior Level','2025-11-08 22:23:46','2025-11-08 22:23:46');
INSERT INTO tags VALUES(17,'Mid Level','2025-11-08 22:23:46','2025-11-08 22:23:46');
INSERT INTO tags VALUES(18,'Python','2025-11-08 22:23:46','2025-11-08 22:23:46');
INSERT INTO tags VALUES(19,'Docker','2025-11-08 22:23:46','2025-11-08 22:23:46');
INSERT INTO tags VALUES(20,'AWS','2025-11-08 22:23:46','2025-11-08 22:23:46');
CREATE TABLE IF NOT EXISTS "usertypes" ("id" integer primary key autoincrement not null, "name" varchar not null, "description" varchar, "created_at" datetime, "updated_at" datetime);
INSERT INTO usertypes VALUES(1,'superadmin','Super Administrator with full system access','2025-11-08 22:17:45','2025-11-08 22:17:45');
INSERT INTO usertypes VALUES(2,'admin','Administrator with limited system access','2025-11-08 22:17:45','2025-11-08 22:17:45');
INSERT INTO usertypes VALUES(3,'customer','Customer user type','2025-11-08 22:17:45','2025-11-08 22:17:45');
INSERT INTO usertypes VALUES(4,'jobseeker','Job seeker looking for employment','2025-11-08 22:17:45','2025-11-08 22:17:45');
CREATE TABLE IF NOT EXISTS "post_tag" ("id" integer primary key autoincrement not null, "post_id" integer not null, "tag_id" integer not null, "created_at" datetime, "updated_at" datetime, foreign key("post_id") references "posts"("id") on delete cascade, foreign key("tag_id") references "tags"("id") on delete cascade);
INSERT INTO post_tag VALUES(1,1,3,NULL,NULL);
INSERT INTO post_tag VALUES(2,1,6,NULL,NULL);
INSERT INTO post_tag VALUES(3,1,11,NULL,NULL);
INSERT INTO post_tag VALUES(4,1,15,NULL,NULL);
INSERT INTO post_tag VALUES(5,2,4,NULL,NULL);
INSERT INTO post_tag VALUES(6,2,10,NULL,NULL);
INSERT INTO post_tag VALUES(7,2,11,NULL,NULL);
INSERT INTO post_tag VALUES(8,3,12,NULL,NULL);
INSERT INTO post_tag VALUES(9,3,13,NULL,NULL);
INSERT INTO post_tag VALUES(10,3,19,NULL,NULL);
INSERT INTO post_tag VALUES(11,4,2,NULL,NULL);
INSERT INTO post_tag VALUES(12,4,3,NULL,NULL);
INSERT INTO post_tag VALUES(13,4,10,NULL,NULL);
INSERT INTO post_tag VALUES(14,4,19,NULL,NULL);
INSERT INTO post_tag VALUES(15,5,4,NULL,NULL);
INSERT INTO post_tag VALUES(16,5,6,NULL,NULL);
INSERT INTO post_tag VALUES(17,5,15,NULL,NULL);
INSERT INTO post_tag VALUES(18,6,8,NULL,NULL);
INSERT INTO post_tag VALUES(19,6,9,NULL,NULL);
INSERT INTO post_tag VALUES(20,6,11,NULL,NULL);
INSERT INTO post_tag VALUES(21,7,5,NULL,NULL);
INSERT INTO post_tag VALUES(22,7,6,NULL,NULL);
INSERT INTO post_tag VALUES(23,7,10,NULL,NULL);
INSERT INTO post_tag VALUES(24,7,19,NULL,NULL);
INSERT INTO post_tag VALUES(25,8,1,NULL,NULL);
INSERT INTO post_tag VALUES(26,8,11,NULL,NULL);
INSERT INTO post_tag VALUES(27,8,14,NULL,NULL);
INSERT INTO post_tag VALUES(28,8,18,NULL,NULL);
INSERT INTO post_tag VALUES(29,8,20,NULL,NULL);
INSERT INTO post_tag VALUES(30,9,9,NULL,NULL);
INSERT INTO post_tag VALUES(31,9,13,NULL,NULL);
INSERT INTO post_tag VALUES(32,9,17,NULL,NULL);
INSERT INTO post_tag VALUES(33,10,1,NULL,NULL);
INSERT INTO post_tag VALUES(34,10,5,NULL,NULL);
INSERT INTO post_tag VALUES(35,10,8,NULL,NULL);
INSERT INTO post_tag VALUES(36,10,11,NULL,NULL);
INSERT INTO post_tag VALUES(37,11,5,NULL,NULL);
INSERT INTO post_tag VALUES(38,11,12,NULL,NULL);
INSERT INTO post_tag VALUES(39,11,17,NULL,NULL);
INSERT INTO post_tag VALUES(40,11,18,NULL,NULL);
INSERT INTO post_tag VALUES(41,11,19,NULL,NULL);
INSERT INTO post_tag VALUES(42,12,5,NULL,NULL);
INSERT INTO post_tag VALUES(43,12,8,NULL,NULL);
INSERT INTO post_tag VALUES(44,12,12,NULL,NULL);
INSERT INTO post_tag VALUES(45,13,6,NULL,NULL);
INSERT INTO post_tag VALUES(46,13,14,NULL,NULL);
INSERT INTO post_tag VALUES(47,13,15,NULL,NULL);
INSERT INTO post_tag VALUES(48,13,16,NULL,NULL);
INSERT INTO post_tag VALUES(49,13,20,NULL,NULL);
INSERT INTO post_tag VALUES(50,14,2,NULL,NULL);
INSERT INTO post_tag VALUES(51,14,3,NULL,NULL);
INSERT INTO post_tag VALUES(52,14,6,NULL,NULL);
INSERT INTO post_tag VALUES(53,14,7,NULL,NULL);
INSERT INTO post_tag VALUES(54,15,1,NULL,NULL);
INSERT INTO post_tag VALUES(55,15,7,NULL,NULL);
INSERT INTO post_tag VALUES(56,15,18,NULL,NULL);
INSERT INTO post_tag VALUES(57,16,2,NULL,NULL);
INSERT INTO post_tag VALUES(58,16,6,NULL,NULL);
INSERT INTO post_tag VALUES(59,16,8,NULL,NULL);
INSERT INTO post_tag VALUES(60,16,12,NULL,NULL);
INSERT INTO post_tag VALUES(61,17,1,NULL,NULL);
INSERT INTO post_tag VALUES(62,17,2,NULL,NULL);
INSERT INTO post_tag VALUES(63,17,3,NULL,NULL);
INSERT INTO post_tag VALUES(64,17,14,NULL,NULL);
INSERT INTO post_tag VALUES(65,17,20,NULL,NULL);
INSERT INTO post_tag VALUES(66,18,8,NULL,NULL);
INSERT INTO post_tag VALUES(67,18,12,NULL,NULL);
INSERT INTO post_tag VALUES(68,18,20,NULL,NULL);
INSERT INTO post_tag VALUES(69,19,1,NULL,NULL);
INSERT INTO post_tag VALUES(70,19,3,NULL,NULL);
INSERT INTO post_tag VALUES(71,19,11,NULL,NULL);
INSERT INTO post_tag VALUES(72,19,17,NULL,NULL);
INSERT INTO post_tag VALUES(73,20,10,NULL,NULL);
INSERT INTO post_tag VALUES(74,20,14,NULL,NULL);
INSERT INTO post_tag VALUES(75,20,18,NULL,NULL);
INSERT INTO post_tag VALUES(76,21,8,NULL,NULL);
INSERT INTO post_tag VALUES(77,21,9,NULL,NULL);
INSERT INTO post_tag VALUES(78,21,14,NULL,NULL);
INSERT INTO post_tag VALUES(79,21,18,NULL,NULL);
INSERT INTO post_tag VALUES(80,22,2,NULL,NULL);
INSERT INTO post_tag VALUES(81,22,5,NULL,NULL);
INSERT INTO post_tag VALUES(82,22,7,NULL,NULL);
INSERT INTO post_tag VALUES(83,22,13,NULL,NULL);
INSERT INTO post_tag VALUES(84,22,18,NULL,NULL);
INSERT INTO post_tag VALUES(85,23,2,NULL,NULL);
INSERT INTO post_tag VALUES(86,23,6,NULL,NULL);
INSERT INTO post_tag VALUES(87,23,10,NULL,NULL);
INSERT INTO post_tag VALUES(88,24,2,NULL,NULL);
INSERT INTO post_tag VALUES(89,24,7,NULL,NULL);
INSERT INTO post_tag VALUES(90,24,8,NULL,NULL);
INSERT INTO post_tag VALUES(91,24,14,NULL,NULL);
INSERT INTO post_tag VALUES(92,24,17,NULL,NULL);
INSERT INTO post_tag VALUES(93,25,2,NULL,NULL);
INSERT INTO post_tag VALUES(94,25,4,NULL,NULL);
INSERT INTO post_tag VALUES(95,25,12,NULL,NULL);
INSERT INTO post_tag VALUES(96,25,15,NULL,NULL);
INSERT INTO post_tag VALUES(97,25,20,NULL,NULL);
INSERT INTO post_tag VALUES(98,26,1,NULL,NULL);
INSERT INTO post_tag VALUES(99,26,12,NULL,NULL);
INSERT INTO post_tag VALUES(100,26,14,NULL,NULL);
INSERT INTO post_tag VALUES(101,26,19,NULL,NULL);
INSERT INTO post_tag VALUES(102,27,2,NULL,NULL);
INSERT INTO post_tag VALUES(103,27,12,NULL,NULL);
INSERT INTO post_tag VALUES(104,27,17,NULL,NULL);
INSERT INTO post_tag VALUES(105,28,1,NULL,NULL);
INSERT INTO post_tag VALUES(106,28,9,NULL,NULL);
INSERT INTO post_tag VALUES(107,28,10,NULL,NULL);
INSERT INTO post_tag VALUES(108,28,14,NULL,NULL);
INSERT INTO post_tag VALUES(109,28,16,NULL,NULL);
INSERT INTO post_tag VALUES(110,29,3,NULL,NULL);
INSERT INTO post_tag VALUES(111,29,4,NULL,NULL);
INSERT INTO post_tag VALUES(112,29,12,NULL,NULL);
INSERT INTO post_tag VALUES(113,29,16,NULL,NULL);
INSERT INTO post_tag VALUES(114,29,18,NULL,NULL);
INSERT INTO post_tag VALUES(115,30,3,NULL,NULL);
INSERT INTO post_tag VALUES(116,30,4,NULL,NULL);
INSERT INTO post_tag VALUES(117,30,8,NULL,NULL);
INSERT INTO post_tag VALUES(118,30,14,NULL,NULL);
INSERT INTO post_tag VALUES(119,31,2,NULL,NULL);
INSERT INTO post_tag VALUES(120,31,5,NULL,NULL);
INSERT INTO post_tag VALUES(121,31,7,NULL,NULL);
INSERT INTO post_tag VALUES(122,32,2,NULL,NULL);
INSERT INTO post_tag VALUES(123,32,3,NULL,NULL);
INSERT INTO post_tag VALUES(124,32,7,NULL,NULL);
INSERT INTO post_tag VALUES(125,32,9,NULL,NULL);
INSERT INTO post_tag VALUES(126,32,17,NULL,NULL);
INSERT INTO post_tag VALUES(127,33,7,NULL,NULL);
INSERT INTO post_tag VALUES(128,33,13,NULL,NULL);
INSERT INTO post_tag VALUES(129,33,14,NULL,NULL);
INSERT INTO post_tag VALUES(130,33,19,NULL,NULL);
INSERT INTO post_tag VALUES(131,34,5,NULL,NULL);
INSERT INTO post_tag VALUES(132,34,16,NULL,NULL);
INSERT INTO post_tag VALUES(133,34,17,NULL,NULL);
INSERT INTO post_tag VALUES(134,34,18,NULL,NULL);
INSERT INTO post_tag VALUES(135,35,12,NULL,NULL);
INSERT INTO post_tag VALUES(136,35,15,NULL,NULL);
INSERT INTO post_tag VALUES(137,35,16,NULL,NULL);
INSERT INTO post_tag VALUES(138,35,17,NULL,NULL);
INSERT INTO post_tag VALUES(139,36,8,NULL,NULL);
INSERT INTO post_tag VALUES(140,36,11,NULL,NULL);
INSERT INTO post_tag VALUES(141,36,18,NULL,NULL);
INSERT INTO post_tag VALUES(142,37,3,NULL,NULL);
INSERT INTO post_tag VALUES(143,37,11,NULL,NULL);
INSERT INTO post_tag VALUES(144,37,16,NULL,NULL);
INSERT INTO post_tag VALUES(145,38,6,NULL,NULL);
INSERT INTO post_tag VALUES(146,38,13,NULL,NULL);
INSERT INTO post_tag VALUES(147,38,19,NULL,NULL);
INSERT INTO post_tag VALUES(148,38,20,NULL,NULL);
INSERT INTO post_tag VALUES(149,39,6,NULL,NULL);
INSERT INTO post_tag VALUES(150,39,8,NULL,NULL);
INSERT INTO post_tag VALUES(151,39,9,NULL,NULL);
INSERT INTO post_tag VALUES(152,39,15,NULL,NULL);
INSERT INTO post_tag VALUES(153,40,11,NULL,NULL);
INSERT INTO post_tag VALUES(154,40,12,NULL,NULL);
INSERT INTO post_tag VALUES(155,40,14,NULL,NULL);
INSERT INTO post_tag VALUES(156,40,16,NULL,NULL);
INSERT INTO post_tag VALUES(157,40,19,NULL,NULL);
INSERT INTO post_tag VALUES(158,41,1,NULL,NULL);
INSERT INTO post_tag VALUES(159,41,8,NULL,NULL);
INSERT INTO post_tag VALUES(160,41,11,NULL,NULL);
INSERT INTO post_tag VALUES(161,41,13,NULL,NULL);
INSERT INTO post_tag VALUES(162,41,17,NULL,NULL);
INSERT INTO post_tag VALUES(163,42,15,NULL,NULL);
INSERT INTO post_tag VALUES(164,42,16,NULL,NULL);
INSERT INTO post_tag VALUES(165,42,19,NULL,NULL);
INSERT INTO post_tag VALUES(166,43,1,NULL,NULL);
INSERT INTO post_tag VALUES(167,43,2,NULL,NULL);
INSERT INTO post_tag VALUES(168,43,20,NULL,NULL);
INSERT INTO post_tag VALUES(169,44,4,NULL,NULL);
INSERT INTO post_tag VALUES(170,44,10,NULL,NULL);
INSERT INTO post_tag VALUES(171,44,18,NULL,NULL);
INSERT INTO post_tag VALUES(172,45,2,NULL,NULL);
INSERT INTO post_tag VALUES(173,45,9,NULL,NULL);
INSERT INTO post_tag VALUES(174,45,15,NULL,NULL);
INSERT INTO post_tag VALUES(175,45,17,NULL,NULL);
INSERT INTO post_tag VALUES(176,46,1,NULL,NULL);
INSERT INTO post_tag VALUES(177,46,6,NULL,NULL);
INSERT INTO post_tag VALUES(178,46,8,NULL,NULL);
INSERT INTO post_tag VALUES(179,47,10,NULL,NULL);
INSERT INTO post_tag VALUES(180,47,11,NULL,NULL);
INSERT INTO post_tag VALUES(181,47,13,NULL,NULL);
INSERT INTO post_tag VALUES(182,47,20,NULL,NULL);
INSERT INTO post_tag VALUES(183,48,1,NULL,NULL);
INSERT INTO post_tag VALUES(184,48,5,NULL,NULL);
INSERT INTO post_tag VALUES(185,48,8,NULL,NULL);
INSERT INTO post_tag VALUES(186,49,4,NULL,NULL);
INSERT INTO post_tag VALUES(187,49,8,NULL,NULL);
INSERT INTO post_tag VALUES(188,49,11,NULL,NULL);
INSERT INTO post_tag VALUES(189,49,12,NULL,NULL);
INSERT INTO post_tag VALUES(190,49,14,NULL,NULL);
INSERT INTO post_tag VALUES(191,50,4,NULL,NULL);
INSERT INTO post_tag VALUES(192,50,8,NULL,NULL);
INSERT INTO post_tag VALUES(193,50,14,NULL,NULL);
INSERT INTO post_tag VALUES(194,51,2,NULL,NULL);
INSERT INTO post_tag VALUES(195,51,3,NULL,NULL);
INSERT INTO post_tag VALUES(196,51,8,NULL,NULL);
INSERT INTO post_tag VALUES(197,51,10,NULL,NULL);
INSERT INTO post_tag VALUES(198,51,15,NULL,NULL);
INSERT INTO post_tag VALUES(199,52,1,NULL,NULL);
INSERT INTO post_tag VALUES(200,52,5,NULL,NULL);
INSERT INTO post_tag VALUES(201,52,8,NULL,NULL);
INSERT INTO post_tag VALUES(202,52,9,NULL,NULL);
INSERT INTO post_tag VALUES(203,52,13,NULL,NULL);
INSERT INTO post_tag VALUES(204,53,2,NULL,NULL);
INSERT INTO post_tag VALUES(205,53,6,NULL,NULL);
INSERT INTO post_tag VALUES(206,53,8,NULL,NULL);
INSERT INTO post_tag VALUES(207,53,18,NULL,NULL);
INSERT INTO post_tag VALUES(208,54,1,NULL,NULL);
INSERT INTO post_tag VALUES(209,54,8,NULL,NULL);
INSERT INTO post_tag VALUES(210,54,9,NULL,NULL);
INSERT INTO post_tag VALUES(211,54,12,NULL,NULL);
INSERT INTO post_tag VALUES(212,55,7,NULL,NULL);
INSERT INTO post_tag VALUES(213,55,8,NULL,NULL);
INSERT INTO post_tag VALUES(214,55,16,NULL,NULL);
INSERT INTO post_tag VALUES(215,55,17,NULL,NULL);
INSERT INTO post_tag VALUES(216,56,4,NULL,NULL);
INSERT INTO post_tag VALUES(217,56,9,NULL,NULL);
INSERT INTO post_tag VALUES(218,56,10,NULL,NULL);
INSERT INTO post_tag VALUES(219,57,2,NULL,NULL);
INSERT INTO post_tag VALUES(220,57,3,NULL,NULL);
INSERT INTO post_tag VALUES(221,57,6,NULL,NULL);
INSERT INTO post_tag VALUES(222,57,18,NULL,NULL);
INSERT INTO post_tag VALUES(223,58,1,NULL,NULL);
INSERT INTO post_tag VALUES(224,58,2,NULL,NULL);
INSERT INTO post_tag VALUES(225,58,4,NULL,NULL);
INSERT INTO post_tag VALUES(226,58,7,NULL,NULL);
INSERT INTO post_tag VALUES(227,58,12,NULL,NULL);
INSERT INTO post_tag VALUES(228,59,1,NULL,NULL);
INSERT INTO post_tag VALUES(229,59,14,NULL,NULL);
INSERT INTO post_tag VALUES(230,59,17,NULL,NULL);
INSERT INTO post_tag VALUES(231,60,1,NULL,NULL);
INSERT INTO post_tag VALUES(232,60,4,NULL,NULL);
INSERT INTO post_tag VALUES(233,60,10,NULL,NULL);
INSERT INTO post_tag VALUES(234,60,13,NULL,NULL);
INSERT INTO post_tag VALUES(235,61,3,NULL,NULL);
INSERT INTO post_tag VALUES(236,61,6,NULL,NULL);
INSERT INTO post_tag VALUES(237,61,7,NULL,NULL);
INSERT INTO post_tag VALUES(238,61,8,NULL,NULL);
INSERT INTO post_tag VALUES(239,61,16,NULL,NULL);
INSERT INTO post_tag VALUES(240,62,6,NULL,NULL);
INSERT INTO post_tag VALUES(241,62,9,NULL,NULL);
INSERT INTO post_tag VALUES(242,62,10,NULL,NULL);
INSERT INTO post_tag VALUES(243,62,14,NULL,NULL);
INSERT INTO post_tag VALUES(244,62,18,NULL,NULL);
INSERT INTO post_tag VALUES(245,63,4,NULL,NULL);
INSERT INTO post_tag VALUES(246,63,8,NULL,NULL);
INSERT INTO post_tag VALUES(247,63,9,NULL,NULL);
INSERT INTO post_tag VALUES(248,63,11,NULL,NULL);
INSERT INTO post_tag VALUES(249,63,13,NULL,NULL);
INSERT INTO post_tag VALUES(250,64,1,NULL,NULL);
INSERT INTO post_tag VALUES(251,64,7,NULL,NULL);
INSERT INTO post_tag VALUES(252,64,11,NULL,NULL);
INSERT INTO post_tag VALUES(253,64,14,NULL,NULL);
INSERT INTO post_tag VALUES(254,65,2,NULL,NULL);
INSERT INTO post_tag VALUES(255,65,6,NULL,NULL);
INSERT INTO post_tag VALUES(256,65,17,NULL,NULL);
INSERT INTO post_tag VALUES(257,65,18,NULL,NULL);
INSERT INTO post_tag VALUES(258,66,2,NULL,NULL);
INSERT INTO post_tag VALUES(259,66,9,NULL,NULL);
INSERT INTO post_tag VALUES(260,66,14,NULL,NULL);
INSERT INTO post_tag VALUES(261,66,20,NULL,NULL);
INSERT INTO post_tag VALUES(262,67,2,NULL,NULL);
INSERT INTO post_tag VALUES(263,67,3,NULL,NULL);
INSERT INTO post_tag VALUES(264,67,8,NULL,NULL);
INSERT INTO post_tag VALUES(265,67,11,NULL,NULL);
INSERT INTO post_tag VALUES(266,67,18,NULL,NULL);
INSERT INTO post_tag VALUES(267,68,5,NULL,NULL);
INSERT INTO post_tag VALUES(268,68,7,NULL,NULL);
INSERT INTO post_tag VALUES(269,68,14,NULL,NULL);
INSERT INTO post_tag VALUES(270,69,2,NULL,NULL);
INSERT INTO post_tag VALUES(271,69,4,NULL,NULL);
INSERT INTO post_tag VALUES(272,69,10,NULL,NULL);
INSERT INTO post_tag VALUES(273,69,17,NULL,NULL);
INSERT INTO post_tag VALUES(274,69,18,NULL,NULL);
INSERT INTO post_tag VALUES(275,70,5,NULL,NULL);
INSERT INTO post_tag VALUES(276,70,9,NULL,NULL);
INSERT INTO post_tag VALUES(277,70,14,NULL,NULL);
INSERT INTO post_tag VALUES(278,70,16,NULL,NULL);
INSERT INTO post_tag VALUES(279,70,19,NULL,NULL);
INSERT INTO post_tag VALUES(280,71,7,NULL,NULL);
INSERT INTO post_tag VALUES(281,71,14,NULL,NULL);
INSERT INTO post_tag VALUES(282,71,15,NULL,NULL);
INSERT INTO post_tag VALUES(283,71,19,NULL,NULL);
INSERT INTO post_tag VALUES(284,72,2,NULL,NULL);
INSERT INTO post_tag VALUES(285,72,7,NULL,NULL);
INSERT INTO post_tag VALUES(286,72,10,NULL,NULL);
INSERT INTO post_tag VALUES(287,72,19,NULL,NULL);
INSERT INTO post_tag VALUES(288,73,4,NULL,NULL);
INSERT INTO post_tag VALUES(289,73,8,NULL,NULL);
INSERT INTO post_tag VALUES(290,73,13,NULL,NULL);
INSERT INTO post_tag VALUES(291,73,16,NULL,NULL);
INSERT INTO post_tag VALUES(292,74,6,NULL,NULL);
INSERT INTO post_tag VALUES(293,74,8,NULL,NULL);
INSERT INTO post_tag VALUES(294,74,10,NULL,NULL);
INSERT INTO post_tag VALUES(295,74,14,NULL,NULL);
INSERT INTO post_tag VALUES(296,74,17,NULL,NULL);
INSERT INTO post_tag VALUES(297,75,3,NULL,NULL);
INSERT INTO post_tag VALUES(298,75,5,NULL,NULL);
INSERT INTO post_tag VALUES(299,75,11,NULL,NULL);
INSERT INTO post_tag VALUES(300,75,13,NULL,NULL);
INSERT INTO post_tag VALUES(301,76,1,NULL,NULL);
INSERT INTO post_tag VALUES(302,76,7,NULL,NULL);
INSERT INTO post_tag VALUES(303,76,12,NULL,NULL);
INSERT INTO post_tag VALUES(304,76,13,NULL,NULL);
INSERT INTO post_tag VALUES(305,77,3,NULL,NULL);
INSERT INTO post_tag VALUES(306,77,6,NULL,NULL);
INSERT INTO post_tag VALUES(307,77,9,NULL,NULL);
INSERT INTO post_tag VALUES(308,77,15,NULL,NULL);
INSERT INTO post_tag VALUES(309,77,17,NULL,NULL);
INSERT INTO post_tag VALUES(310,78,5,NULL,NULL);
INSERT INTO post_tag VALUES(311,78,10,NULL,NULL);
INSERT INTO post_tag VALUES(312,78,17,NULL,NULL);
INSERT INTO post_tag VALUES(313,78,18,NULL,NULL);
INSERT INTO post_tag VALUES(314,78,19,NULL,NULL);
INSERT INTO post_tag VALUES(315,79,4,NULL,NULL);
INSERT INTO post_tag VALUES(316,79,9,NULL,NULL);
INSERT INTO post_tag VALUES(317,79,13,NULL,NULL);
INSERT INTO post_tag VALUES(318,79,16,NULL,NULL);
INSERT INTO post_tag VALUES(319,79,20,NULL,NULL);
INSERT INTO post_tag VALUES(320,80,1,NULL,NULL);
INSERT INTO post_tag VALUES(321,80,6,NULL,NULL);
INSERT INTO post_tag VALUES(322,80,9,NULL,NULL);
INSERT INTO post_tag VALUES(323,80,15,NULL,NULL);
INSERT INTO post_tag VALUES(324,80,17,NULL,NULL);
INSERT INTO post_tag VALUES(325,81,2,NULL,NULL);
INSERT INTO post_tag VALUES(326,81,11,NULL,NULL);
INSERT INTO post_tag VALUES(327,81,13,NULL,NULL);
INSERT INTO post_tag VALUES(328,81,15,NULL,NULL);
INSERT INTO post_tag VALUES(329,81,17,NULL,NULL);
INSERT INTO post_tag VALUES(330,82,5,NULL,NULL);
INSERT INTO post_tag VALUES(331,82,6,NULL,NULL);
INSERT INTO post_tag VALUES(332,82,8,NULL,NULL);
INSERT INTO post_tag VALUES(333,82,16,NULL,NULL);
INSERT INTO post_tag VALUES(334,83,2,NULL,NULL);
INSERT INTO post_tag VALUES(335,83,12,NULL,NULL);
INSERT INTO post_tag VALUES(336,83,20,NULL,NULL);
INSERT INTO post_tag VALUES(337,84,11,NULL,NULL);
INSERT INTO post_tag VALUES(338,84,13,NULL,NULL);
INSERT INTO post_tag VALUES(339,84,14,NULL,NULL);
INSERT INTO post_tag VALUES(340,84,19,NULL,NULL);
INSERT INTO post_tag VALUES(341,85,5,NULL,NULL);
INSERT INTO post_tag VALUES(342,85,14,NULL,NULL);
INSERT INTO post_tag VALUES(343,85,16,NULL,NULL);
INSERT INTO post_tag VALUES(344,85,18,NULL,NULL);
INSERT INTO post_tag VALUES(345,86,5,NULL,NULL);
INSERT INTO post_tag VALUES(346,86,12,NULL,NULL);
INSERT INTO post_tag VALUES(347,86,13,NULL,NULL);
INSERT INTO post_tag VALUES(348,86,15,NULL,NULL);
INSERT INTO post_tag VALUES(349,86,17,NULL,NULL);
INSERT INTO post_tag VALUES(350,87,3,NULL,NULL);
INSERT INTO post_tag VALUES(351,87,4,NULL,NULL);
INSERT INTO post_tag VALUES(352,87,10,NULL,NULL);
INSERT INTO post_tag VALUES(353,87,15,NULL,NULL);
INSERT INTO post_tag VALUES(354,87,20,NULL,NULL);
INSERT INTO post_tag VALUES(355,88,4,NULL,NULL);
INSERT INTO post_tag VALUES(356,88,8,NULL,NULL);
INSERT INTO post_tag VALUES(357,88,17,NULL,NULL);
INSERT INTO post_tag VALUES(358,89,1,NULL,NULL);
INSERT INTO post_tag VALUES(359,89,7,NULL,NULL);
INSERT INTO post_tag VALUES(360,89,17,NULL,NULL);
INSERT INTO post_tag VALUES(361,90,2,NULL,NULL);
INSERT INTO post_tag VALUES(362,90,9,NULL,NULL);
INSERT INTO post_tag VALUES(363,90,10,NULL,NULL);
INSERT INTO post_tag VALUES(364,90,12,NULL,NULL);
INSERT INTO post_tag VALUES(365,91,2,NULL,NULL);
INSERT INTO post_tag VALUES(366,91,4,NULL,NULL);
INSERT INTO post_tag VALUES(367,91,8,NULL,NULL);
INSERT INTO post_tag VALUES(368,92,5,NULL,NULL);
INSERT INTO post_tag VALUES(369,92,14,NULL,NULL);
INSERT INTO post_tag VALUES(370,92,17,NULL,NULL);
INSERT INTO post_tag VALUES(371,93,8,NULL,NULL);
INSERT INTO post_tag VALUES(372,93,11,NULL,NULL);
INSERT INTO post_tag VALUES(373,93,17,NULL,NULL);
INSERT INTO post_tag VALUES(374,93,18,NULL,NULL);
INSERT INTO post_tag VALUES(375,94,6,NULL,NULL);
INSERT INTO post_tag VALUES(376,94,9,NULL,NULL);
INSERT INTO post_tag VALUES(377,94,12,NULL,NULL);
INSERT INTO post_tag VALUES(378,94,13,NULL,NULL);
INSERT INTO post_tag VALUES(379,94,14,NULL,NULL);
INSERT INTO post_tag VALUES(380,95,1,NULL,NULL);
INSERT INTO post_tag VALUES(381,95,5,NULL,NULL);
INSERT INTO post_tag VALUES(382,95,10,NULL,NULL);
INSERT INTO post_tag VALUES(383,96,1,NULL,NULL);
INSERT INTO post_tag VALUES(384,96,4,NULL,NULL);
INSERT INTO post_tag VALUES(385,96,6,NULL,NULL);
INSERT INTO post_tag VALUES(386,96,8,NULL,NULL);
INSERT INTO post_tag VALUES(387,96,17,NULL,NULL);
INSERT INTO post_tag VALUES(388,97,4,NULL,NULL);
INSERT INTO post_tag VALUES(389,97,8,NULL,NULL);
INSERT INTO post_tag VALUES(390,97,13,NULL,NULL);
INSERT INTO post_tag VALUES(391,97,15,NULL,NULL);
INSERT INTO post_tag VALUES(392,97,18,NULL,NULL);
INSERT INTO post_tag VALUES(393,98,13,NULL,NULL);
INSERT INTO post_tag VALUES(394,98,14,NULL,NULL);
INSERT INTO post_tag VALUES(395,98,16,NULL,NULL);
INSERT INTO post_tag VALUES(396,98,19,NULL,NULL);
INSERT INTO post_tag VALUES(397,99,1,NULL,NULL);
INSERT INTO post_tag VALUES(398,99,9,NULL,NULL);
INSERT INTO post_tag VALUES(399,99,10,NULL,NULL);
INSERT INTO post_tag VALUES(400,99,16,NULL,NULL);
INSERT INTO post_tag VALUES(401,100,4,NULL,NULL);
INSERT INTO post_tag VALUES(402,100,9,NULL,NULL);
INSERT INTO post_tag VALUES(403,100,17,NULL,NULL);
INSERT INTO sqlite_sequence VALUES('migrations',10);
INSERT INTO sqlite_sequence VALUES('usertypes',4);
INSERT INTO sqlite_sequence VALUES('users',41);
INSERT INTO sqlite_sequence VALUES('tags',20);
INSERT INTO sqlite_sequence VALUES('posts',100);
INSERT INTO sqlite_sequence VALUES('post_tag',403);
CREATE UNIQUE INDEX "users_email_unique" on "users" ("email");
CREATE INDEX "sessions_user_id_index" on "sessions" ("user_id");
CREATE INDEX "sessions_last_activity_index" on "sessions" ("last_activity");
CREATE INDEX "jobs_queue_index" on "jobs" ("queue");
CREATE UNIQUE INDEX "failed_jobs_uuid_unique" on "failed_jobs" ("uuid");
CREATE UNIQUE INDEX "tags_name_unique" on "tags" ("name");
CREATE UNIQUE INDEX "usertypes_name_unique" on "usertypes" ("name");
CREATE UNIQUE INDEX "post_tag_post_id_tag_id_unique" on "post_tag" ("post_id", "tag_id");
COMMIT;
